{"test_loss":0.16218250404129836,"_wandb":{"runtime":855},"train_acc":0.9139,"test_acc":0.9487,"_step":7,"train_loss":0.2727379230980966,"_runtime":814.2644594,"epoch":7,"_timestamp":1.726859831655441e+09}