{"test_acc":0.9575,"epoch":19,"_runtime":1439.5881891,"_wandb":{"runtime":1482},"train_loss":0.19818201731405913,"_step":19,"train_acc":0.9382666666666667,"_timestamp":1.7268576736108716e+09,"test_loss":0.13240566738928627}