{"test_acc":0.9485,"_runtime":469.4579504,"_step":7,"train_loss":0.26911412150080777,"_wandb":{"runtime":529},"_timestamp":1.7268581942852788e+09,"train_acc":0.9149666666666667,"test_loss":0.16440381588722774,"epoch":7}